mysql> SHOW CREATE TABLE GAMING;
+--------+-------------------------------------------------------------------------------------------------------------------------------------------------------------------------------------------------------------------------------------------------------------------------------------------------------------------------------------------------------------------------------------------------------------------------------------------------------------------------------------------------------------------------------------------------------------------------------------------------------------------------------------------+
| Table  | Create Table                                                                                                                                                                                                                                                                                                                                                                                                                                                                                                                                                                                                                              |
+--------+-------------------------------------------------------------------------------------------------------------------------------------------------------------------------------------------------------------------------------------------------------------------------------------------------------------------------------------------------------------------------------------------------------------------------------------------------------------------------------------------------------------------------------------------------------------------------------------------------------------------------------------------+
| GAMING | CREATE TABLE `GAMING` (
  `PRODUCT_ID` int(11) NOT NULL AUTO_INCREMENT,
  `NAME` varchar(255) NOT NULL,
  `PRICE` int(11) NOT NULL,
  `DESCRIPTION` varchar(255) DEFAULT NULL,
  `SUB_DEPT_CODE` int(11) DEFAULT NULL,
  `DISCOUNT` int(11) NOT NULL,
  `COLOUR` varchar(30) DEFAULT NULL,
  `BRAND` varchar(32) DEFAULT NULL,
  `ON_HAND` int(11) NOT NULL,
  `PICTURE` varchar(255) DEFAULT NULL,
  PRIMARY KEY (`PRODUCT_ID`),
  KEY `SUB_DEPT_CODE` (`SUB_DEPT_CODE`),
  CONSTRAINT `GAMING_ibfk_1` FOREIGN KEY (`SUB_DEPT_CODE`) REFERENCES `SUB_GAMING` (`SUB_DEPT_CODE`)
) ENGINE=InnoDB AUTO_INCREMENT=102 DEFAULT CHARSET=latin1 |
+--------+-------------------------------------------------------------------------------------------------------------------------------------------------------------------------------------------------------------------------------------------------------------------------------------------------------------------------------------------------------------------------------------------------------------------------------------------------------------------------------------------------------------------------------------------------------------------------------------------------------------------------------------------+
1 row in set (0.00 sec)

mysql> SHOW CREATE TABLE SUB_GAMING;
+------------+-----------------------------------------------------------------------------------------------------------------------------------------------------------------------------------------------------------------+
| Table      | Create Table                                                                                                                                                                                                    |
+------------+-----------------------------------------------------------------------------------------------------------------------------------------------------------------------------------------------------------------+
| SUB_GAMING | CREATE TABLE `SUB_GAMING` (
  `SUB_DEPT_CODE` int(11) NOT NULL AUTO_INCREMENT,
  `SUB_NAME` varchar(64) DEFAULT NULL,
  PRIMARY KEY (`SUB_DEPT_CODE`)
) ENGINE=InnoDB AUTO_INCREMENT=102 DEFAULT CHARSET=latin1 |
+------------+-----------------------------------------------------------------------------------------------------------------------------------------------------------------------------------------------------------------+
1 row in set (0.00 sec)

mysql> SHOW TABLES;
+--------------------+
| Tables_in_d2172765 |
+--------------------+
| BEAUTY             |
| BOOKS              |
| CLOTHING           |
| ELECTRONICS        |
| GAMING             |
| HOME               |
| HYGIENE            |
| STATIONERY         |
| SUB_BEAUTY         |
| SUB_BOOKS          |
| SUB_CLOTHING       |
| SUB_ELECTRONICS    |
| SUB_GAMING         |
| SUB_HOME           |
| SUB_HYGIENE        |
| SUB_STATIONERY     |
| SUB_TOYS           |
| TOYS               |
+--------------------+
18 rows in set (0.00 sec)

mysql> SHOW CREATE TABLE CLOTHING;
+----------+-------------------------------------------------------------------------------------------------------------------------------------------------------------------------------------------------------------------------------------------------------------------------------------------------------------------------------------------------------------------------------------------------------------------------------------------------------------------------------------------------------------------------------------------------------------------------------------------------------------------------------------------------+
| Table    | Create Table                                                                                                                                                                                                                                                                                                                                                                                                                                                                                                                                                                                                                                    |
+----------+-------------------------------------------------------------------------------------------------------------------------------------------------------------------------------------------------------------------------------------------------------------------------------------------------------------------------------------------------------------------------------------------------------------------------------------------------------------------------------------------------------------------------------------------------------------------------------------------------------------------------------------------------+
| CLOTHING | CREATE TABLE `CLOTHING` (
  `PRODUCT_ID` int(11) NOT NULL AUTO_INCREMENT,
  `NAME` varchar(255) NOT NULL,
  `PRICE` int(11) NOT NULL,
  `DESCRIPTION` varchar(255) DEFAULT NULL,
  `SUB_DEPT_CODE` int(11) DEFAULT NULL,
  `DISCOUNT` int(11) NOT NULL,
  `COLOUR` varchar(30) DEFAULT NULL,
  `BRAND` varchar(32) DEFAULT NULL,
  `ON_HAND` int(11) NOT NULL,
  `PICTURE` varchar(255) DEFAULT NULL,
  PRIMARY KEY (`PRODUCT_ID`),
  KEY `SUB_DEPT_CODE` (`SUB_DEPT_CODE`),
  CONSTRAINT `CLOTHING_ibfk_1` FOREIGN KEY (`SUB_DEPT_CODE`) REFERENCES `SUB_CLOTHING` (`SUB_DEPT_CODE`)
) ENGINE=InnoDB AUTO_INCREMENT=662 DEFAULT CHARSET=latin1 |
+----------+-------------------------------------------------------------------------------------------------------------------------------------------------------------------------------------------------------------------------------------------------------------------------------------------------------------------------------------------------------------------------------------------------------------------------------------------------------------------------------------------------------------------------------------------------------------------------------------------------------------------------------------------------+
1 row in set (0.00 sec)

mysql> SHOW CREATE TABLE SUB_CLOTHING;
+--------------+-------------------------------------------------------------------------------------------------------------------------------------------------------------------------------------------------------------------+
| Table        | Create Table                                                                                                                                                                                                      |
+--------------+-------------------------------------------------------------------------------------------------------------------------------------------------------------------------------------------------------------------+
| SUB_CLOTHING | CREATE TABLE `SUB_CLOTHING` (
  `SUB_DEPT_CODE` int(11) NOT NULL AUTO_INCREMENT,
  `SUB_NAME` varchar(40) DEFAULT NULL,
  PRIMARY KEY (`SUB_DEPT_CODE`)
) ENGINE=InnoDB AUTO_INCREMENT=505 DEFAULT CHARSET=latin1 |
+--------------+-------------------------------------------------------------------------------------------------------------------------------------------------------------------------------------------------------------------+
1 row in set (0.00 sec)

mysql> SHOW CREATE TABLE HYGIENE;
+---------+---------------------------------------------------------------------------------------------------------------------------------------------------------------------------------------------------------------------------------------------------------------------------------------------------------------------------------------------------------------------------------------------------------------------------------------------------------------------------------------------------------------------------------------------------------------------------------------------------------------------------+
| Table   | Create Table                                                                                                                                                                                                                                                                                                                                                                                                                                                                                                                                                                                                              |
+---------+---------------------------------------------------------------------------------------------------------------------------------------------------------------------------------------------------------------------------------------------------------------------------------------------------------------------------------------------------------------------------------------------------------------------------------------------------------------------------------------------------------------------------------------------------------------------------------------------------------------------------+
| HYGIENE | CREATE TABLE `HYGIENE` (
  `PRODUCT_ID` int(11) NOT NULL AUTO_INCREMENT,
  `NAME` varchar(200) NOT NULL,
  `PRICE` int(11) NOT NULL,
  `DESCRIPTION` varchar(255) DEFAULT NULL,
  `SUB_DEPT_CODE` int(11) DEFAULT NULL,
  `DISCOUNT` int(11) NOT NULL,
  `COLOUR` varchar(30) DEFAULT NULL,
  `BRAND` varchar(30) DEFAULT NULL,
  `ON_HAND` int(11) NOT NULL,
  `PICTURE` varchar(200) DEFAULT NULL,
  PRIMARY KEY (`PRODUCT_ID`),
  KEY `SUB_DEPT_CODE` (`SUB_DEPT_CODE`),
  CONSTRAINT `HYGIENE_ibfk_1` FOREIGN KEY (`SUB_DEPT_CODE`) REFERENCES `SUB_HYGIENE` (`SUB_DEPT_CODE`)
) ENGINE=InnoDB DEFAULT CHARSET=latin1 |
+---------+---------------------------------------------------------------------------------------------------------------------------------------------------------------------------------------------------------------------------------------------------------------------------------------------------------------------------------------------------------------------------------------------------------------------------------------------------------------------------------------------------------------------------------------------------------------------------------------------------------------------------+
1 row in set (0.00 sec)

mysql> SHOW CREATE TABLE SUB_HYGIENE;
+-------------+-----------------------------------------------------------------------------------------------------------------------------------------------------------------------------------------------+
| Table       | Create Table                                                                                                                                                                                  |
+-------------+-----------------------------------------------------------------------------------------------------------------------------------------------------------------------------------------------+
| SUB_HYGIENE | CREATE TABLE `SUB_HYGIENE` (
  `SUB_DEPT_CODE` int(11) NOT NULL AUTO_INCREMENT,
  `SUB_NAME` varchar(32) DEFAULT NULL,
  PRIMARY KEY (`SUB_DEPT_CODE`)
) ENGINE=InnoDB DEFAULT CHARSET=latin1 |
+-------------+-----------------------------------------------------------------------------------------------------------------------------------------------------------------------------------------------+
1 row in set (0.00 sec)

mysql> SHOW CREATE TABLE SUB_BEAUTY;
+------------+----------------------------------------------------------------------------------------------------------------------------------------------------------------------------------------------+
| Table      | Create Table                                                                                                                                                                                 |
+------------+----------------------------------------------------------------------------------------------------------------------------------------------------------------------------------------------+
| SUB_BEAUTY | CREATE TABLE `SUB_BEAUTY` (
  `SUB_DEPT_CODE` int(11) NOT NULL AUTO_INCREMENT,
  `SUB_NAME` varchar(32) DEFAULT NULL,
  PRIMARY KEY (`SUB_DEPT_CODE`)
) ENGINE=InnoDB DEFAULT CHARSET=latin1 |
+------------+----------------------------------------------------------------------------------------------------------------------------------------------------------------------------------------------+
1 row in set (0.00 sec)

mysql> SHOW CREATE TABLE BEAUTY;
+--------+------------------------------------------------------------------------------------------------------------------------------------------------------------------------------------------------------------------------------------------------------------------------------------------------------------------------------------------------------------------------------------------------------------------------------------------------------------------------------------------------------------------------------------------------------------------------------------------------------------------------+
| Table  | Create Table                                                                                                                                                                                                                                                                                                                                                                                                                                                                                                                                                                                                           |
+--------+------------------------------------------------------------------------------------------------------------------------------------------------------------------------------------------------------------------------------------------------------------------------------------------------------------------------------------------------------------------------------------------------------------------------------------------------------------------------------------------------------------------------------------------------------------------------------------------------------------------------+
| BEAUTY | CREATE TABLE `BEAUTY` (
  `PRODUCT_ID` int(11) NOT NULL AUTO_INCREMENT,
  `NAME` varchar(200) NOT NULL,
  `PRICE` int(11) NOT NULL,
  `DESCRIPTION` varchar(255) DEFAULT NULL,
  `SUB_DEPT_CODE` int(11) DEFAULT NULL,
  `DISCOUNT` int(11) NOT NULL,
  `COLOUR` varchar(30) DEFAULT NULL,
  `BRAND` varchar(30) DEFAULT NULL,
  `ON_HAND` int(11) NOT NULL,
  `PICTURE` varchar(200) DEFAULT NULL,
  PRIMARY KEY (`PRODUCT_ID`),
  KEY `SUB_DEPT_CODE` (`SUB_DEPT_CODE`),
  CONSTRAINT `BEAUTY_ibfk_1` FOREIGN KEY (`SUB_DEPT_CODE`) REFERENCES `SUB_BEAUTY` (`SUB_DEPT_CODE`)
) ENGINE=InnoDB DEFAULT CHARSET=latin1 |
+--------+------------------------------------------------------------------------------------------------------------------------------------------------------------------------------------------------------------------------------------------------------------------------------------------------------------------------------------------------------------------------------------------------------------------------------------------------------------------------------------------------------------------------------------------------------------------------------------------------------------------------+
1 row in set (0.00 sec)

mysql> SELECT * FROM SUB_GAMING;
+---------------+-------------+
| SUB_DEPT_CODE | SUB_NAME    |
+---------------+-------------+
|           100 | Controllers |
|           101 | Consoles    |
+---------------+-------------+
2 rows in set (0.00 sec)

mysql> SELECT * FROM GAMING;
+------------+-----------------------+-------+-----------------------------------------------------------------------------------------------------------+---------------+----------+--------+-------+---------+--------------------------------------------+
| PRODUCT_ID | NAME                  | PRICE | DESCRIPTION                                                                                               | SUB_DEPT_CODE | DISCOUNT | COLOUR | BRAND | ON_HAND | PICTURE                                    |
+------------+-----------------------+-------+-----------------------------------------------------------------------------------------------------------+---------------+----------+--------+-------+---------+--------------------------------------------+
|        100 | 500GB PS4             |  6499 | 500gb Playstation 4 slim console with one Dualshock4 controller. Supports HDR                             |           101 |        0 | Black  | Sony  |      10 | /home/s2172765/photos/PS4-Console-wDS4.png |
|        101 | Dualshock4 controller |  1199 | Wireless Dualshock4 controller to use with a PS4. Comes with Micro-A charging cable, capable for PSVR use |           100 |        5 | Black  | Sony  |      33 | /home/s2172765/photos/ds4.jpg              |
+------------+-----------------------+-------+-----------------------------------------------------------------------------------------------------------+---------------+----------+--------+-------+---------+--------------------------------------------+
2 rows in set (0.00 sec)

mysql> SELECT * FROM BOOKS;
+------------+----------------------------------+-------+----------------------------------------------------------------------------------------------------------------------------------------------+---------------+----------+--------+-----------------+---------+-----------------------------------------------------------+
| PRODUCT_ID | NAME                             | PRICE | DESCRIPTION                                                                                                                                  | SUB_DEPT_CODE | DISCOUNT | COLOUR | BRAND           | ON_HAND | PICTURE                                                   |
+------------+----------------------------------+-------+----------------------------------------------------------------------------------------------------------------------------------------------+---------------+----------+--------+-----------------+---------+-----------------------------------------------------------+
|        100 | Labour Relations in SOuth Africa |   450 | Labour Relations in South Africa provides a thorough, engaging introduction to the science and practice of labour relations in South Africa. |           100 |        7 | Blue   | Oxford          |       4 |  /home/s2172765/public_html/Books/labour-relations-za.jpg |
|        101 | The Great Gatsby                 |   230 | Life of a man living a facade                                                                                                                |           101 |        0 | White  | Modern Classics |      20 | /home/s2172765/public_html/Books/great-gatsby.jpg         |
+------------+----------------------------------+-------+----------------------------------------------------------------------------------------------------------------------------------------------+---------------+----------+--------+-----------------+---------+-----------------------------------------------------------+
2 rows in set (0.00 sec)

mysql> SELECT * FROM SUB_BOOKS;
+---------------+-------------+
| SUB_DEPT_CODE | SUB_NAME    |
+---------------+-------------+
|           100 | Non-fiction |
|           101 | Fiction     |
+---------------+-------------+
2 rows in set (0.00 sec)

mysql> NOTEE
